shot_num,hole_id,hole_distance_yds,wager,miss_distance_ft,multiplier,payout,net_gain_loss,cumulative_net,is_fat_tail
1,4,150,7.82,31.15,0.03,0.22,-7.59,-7.59,false
2,4,150,6.64,39.00,0.00,0.00,-6.64,-14.23,false
3,4,150,11.71,17.67,1.04,12.21,0.49,-13.74,false
4,4,150,11.44,20.08,0.63,7.20,-4.24,-17.98,false
5,4,150,5.64,32.39,0.02,0.10,-5.54,-23.52,false
6,4,150,6.78,8.98,3.18,21.56,14.77,-8.75,false
7,4,150,7.92,38.65,0.00,0.00,-7.92,-16.67,false
8,4,150,9.26,17.84,0.66,6.15,-3.11,-19.77,false
9,4,150,13.49,39.00,0.00,0.01,-13.49,-33.26,false
10,4,150,11.88,20.89,0.35,4.12,-7.76,-41.02,false
11,4,150,5.81,47.48,0.00,0.00,-5.81,-46.83,false
12,4,150,13.52,8.73,3.30,44.66,31.14,-15.69,false
13,4,150,6.25,33.09,0.01,0.06,-6.20,-21.89,false
14,4,150,12.70,22.81,0.22,2.81,-9.88,-31.77,false
15,4,150,13.15,46.67,0.00,0.00,-13.15,-44.92,false
16,4,150,8.58,10.13,2.73,23.44,14.85,-30.07,false
17,4,150,8.11,25.76,0.11,0.87,-7.25,-37.32,false
18,4,150,9.48,12.07,1.98,18.79,9.31,-28.01,false
19,4,150,5.15,29.39,0.04,0.18,-4.97,-32.97,false
20,4,150,12.94,36.66,0.00,0.02,-12.92,-45.90,false
21,4,150,7.58,32.99,0.01,0.07,-7.51,-53.40,false
22,4,150,14.24,4.03,6.35,90.47,76.23,22.83,false
23,4,150,12.06,17.59,0.68,8.17,-3.88,18.94,false
24,4,150,10.82,31.12,0.02,0.20,-10.62,8.33,false
25,4,150,5.26,2.04,8.31,43.69,38.43,46.76,false
26,4,150,8.41,55.75,0.00,0.00,-8.41,38.34,false
27,4,150,14.25,14.93,1.04,14.82,0.57,38.91,false
28,4,150,6.98,7.95,3.32,23.18,16.21,55.11,false
29,4,150,7.34,31.16,0.02,0.12,-7.21,47.90,false
30,4,150,10.09,7.10,3.78,38.08,27.99,75.89,false
31,4,150,5.34,9.01,2.79,14.90,9.56,85.45,false
32,4,150,13.62,3.40,6.30,85.73,72.11,157.57,false
33,4,150,5.24,20.78,0.31,1.64,-3.60,153.97,false
34,4,150,6.36,4.36,5.52,35.09,28.74,182.71,false
35,4,150,11.59,43.70,0.00,0.00,-11.59,171.12,false
36,4,150,7.91,45.80,0.00,0.00,-7.91,163.21,false
37,4,150,10.45,45.11,0.00,0.00,-10.45,152.76,false
38,4,150,11.81,19.32,0.41,4.87,-6.94,145.81,false
39,4,150,14.53,30.10,0.02,0.34,-14.20,131.62,false
40,4,150,8.58,18.03,0.54,4.61,-3.97,127.65,false
41,4,150,9.26,5.89,4.53,41.93,32.67,160.32,false
42,4,150,9.40,30.00,0.03,0.24,-9.16,151.16,false
43,4,150,11.50,22.97,0.19,2.21,-9.29,141.86,false
44,4,150,7.05,9.95,2.45,17.28,10.23,152.09,false
45,4,150,10.54,72.65,0.00,0.00,-10.54,141.55,false
46,4,150,6.81,64.52,0.00,0.00,-6.81,134.74,true
47,4,150,6.03,21.78,0.26,1.55,-4.48,130.26,false
48,4,150,7.66,32.69,0.01,0.07,-7.59,122.68,false
49,4,150,5.90,37.05,0.00,0.01,-5.90,116.78,false
50,4,150,7.94,47.46,0.00,0.00,-7.94,108.84,false
51,4,150,14.78,5.61,5.25,77.62,62.84,171.68,false
52,4,150,5.54,54.92,0.00,0.00,-5.54,166.14,false
53,4,150,8.10,35.93,0.00,0.02,-8.08,158.06,false
54,4,150,11.32,32.21,0.01,0.14,-11.18,146.88,false
55,4,150,11.14,29.57,0.03,0.37,-10.78,136.10,false
56,4,150,6.95,16.14,0.93,6.46,-0.49,135.62,false
57,4,150,8.95,31.07,0.02,0.17,-8.77,126.84,false
58,4,150,14.78,24.31,0.15,2.26,-12.52,114.32,false
59,4,150,8.08,32.18,0.01,0.10,-7.98,106.35,false
60,4,150,10.71,51.90,0.00,0.00,-10.71,95.64,false
61,4,150,7.66,145.30,0.00,0.00,-7.66,87.98,true
62,4,150,13.51,1.94,9.04,122.12,108.61,196.59,false
63,4,150,6.99,42.05,0.00,0.00,-6.99,189.60,false
64,4,150,9.97,31.84,0.02,0.15,-9.81,179.79,false
65,4,150,13.62,15.33,1.13,15.32,1.71,181.49,false
66,4,150,11.33,18.84,0.57,6.41,-4.92,176.57,false
67,4,150,9.09,23.57,0.19,1.75,-7.34,169.24,false
68,4,150,9.90,24.75,0.14,1.41,-8.49,160.74,false
69,4,150,7.52,15.10,1.18,8.87,1.36,162.10,false
70,4,150,14.61,30.29,0.03,0.39,-14.22,147.88,false
71,4,150,6.52,19.60,0.45,2.91,-3.61,144.27,false
72,4,150,12.64,35.47,0.00,0.04,-12.60,131.67,false
73,4,150,5.09,14.20,1.29,6.57,1.48,133.14,false
74,4,150,9.10,23.32,0.19,1.73,-7.37,125.78,false
75,4,150,6.02,29.60,0.03,0.19,-5.83,119.95,false
76,4,150,10.11,13.69,1.42,14.33,4.22,124.17,false
77,4,150,9.53,7.47,3.90,37.15,27.62,151.79,false
78,4,150,5.44,41.71,0.00,0.00,-5.44,146.35,false
79,4,150,6.81,19.90,0.42,2.87,-3.94,142.41,false
80,4,150,10.49,17.30,0.72,7.57,-2.92,139.49,false
81,4,150,5.43,15.56,0.97,5.24,-0.19,139.30,false
82,4,150,5.49,44.33,0.00,0.00,-5.49,133.81,false
83,4,150,12.55,41.07,0.00,0.00,-12.55,121.27,false
84,4,150,5.83,17.67,0.64,3.74,-2.09,119.18,false
85,4,150,6.41,14.00,1.28,8.24,1.83,121.01,false
86,4,150,8.16,18.69,0.53,4.31,-3.85,117.15,false
87,4,150,11.64,1.07,9.21,107.18,95.54,212.69,false
88,4,150,10.90,43.70,0.00,0.00,-10.90,201.79,false
89,4,150,12.77,40.22,0.00,0.00,-12.77,189.02,false
90,4,150,9.46,77.04,0.00,0.00,-9.46,179.57,false
91,4,150,7.61,31.02,0.02,0.14,-7.46,172.11,false
92,4,150,13.93,9.65,2.74,38.16,24.23,196.34,false
93,4,150,13.62,8.13,3.47,47.22,33.60,229.94,false
94,4,150,8.63,36.69,0.00,0.01,-8.62,221.32,false
95,4,150,8.79,89.71,0.00,0.00,-8.79,212.53,true
96,4,150,6.75,48.98,0.00,0.00,-6.75,205.78,false
97,4,150,5.33,22.96,0.21,1.10,-4.23,201.55,false
98,4,150,7.11,4.69,5.75,40.88,33.77,235.31,false
99,4,150,5.63,39.07,0.00,0.00,-5.63,229.68,false
100,4,150,14.65,31.03,0.02,0.28,-14.37,215.31,false
